{
    "p_sub_spam": {
        "uncl": 0.14285714285714285,
        "rummi": 0.14285714285714285,
        "hangov": 0.14285714285714285,
        "pill": 0.14285714285714285,
        "absolut": 0.14285714285714285,
        "new": 0.14285714285714285,
        "naeyc": 0.14285714285714285
    },
    "p_sub_ham": {
        "enrononlin": 0.3333333333333333,
        "launch": 0.3333333333333333,
        "monday": 0.3333333333333333
    },
    "p_body_spam": {
        "recent": 0.2,
        "survey": 0.2,
        "show": 0.2,
        "take": 0.2,
        "averag": 0.2
    },
    "p_body_ham": {
        "pleas": 0.25,
        "announc": 0.25,
        "monday": 0.25,
        "sept": 0.25
    }
}